,timepoint,tech_rep,num_propagules,cur_update,time_since_last_rep,multicell_size,germ_count,total_workload,germ_workload,soma_workload
0,5,0,1,1100,1100,1,1,0,0,0
1,10,0,2,1755,877,1,1,0,0,0
1,15,0,2,1755,877,1,1,0,0,0
1,20,0,2,1750,875,1,1,0,0,0
1,25,0,2,1750,875,1,1,0,0,0
3,30,0,4,1649,412,1,1,0,0,0
4,35,0,5,889,168,25,25,0,0,0
4,40,0,5,889,168,25,25,0,0,0
4,45,0,5,878,170,25,25,0,0,0
4,50,0,5,876,169,25,25,0,0,0
4,55,0,5,880,170,25,25,0,0,0
4,60,0,5,880,170,25,25,0,0,0
4,65,0,5,880,170,25,25,0,0,0
4,70,0,5,888,168,25,25,0,0,0
4,75,0,5,884,168,25,25,0,0,0
4,80,0,5,884,168,25,25,0,0,0
4,85,0,5,868,167,25,25,0,0,0
4,90,0,5,881,167,25,25,0,0,0
4,95,0,5,884,167,25,25,0,0,0
4,100,0,5,881,167,25,25,0,0,0
4,105,0,5,955,182,25,25,0,0,0
4,110,0,5,637,124,25,25,375,375,0
4,115,0,5,713,151,25,25,319,319,0
4,120,0,5,581,109,25,25,506,506,0
4,125,0,5,584,109,25,24,392,344,48
4,130,0,5,608,116,25,25,388,388,0
4,135,0,5,614,122,25,25,390,390,0
4,140,0,5,638,120,25,25,332,332,0
4,145,0,5,566,116,25,25,476,476,0
4,150,0,5,434,106,25,25,522,522,0
4,155,0,5,431,81,25,24,457,447,10
4,160,0,5,433,81,25,24,412,404,8
4,165,0,5,457,94,25,25,465,465,0
4,170,0,5,388,73,25,25,563,563,0
4,175,0,5,443,93,25,25,410,410,0
4,180,0,5,429,81,25,24,447,432,15
4,185,0,5,418,93,25,24,430,424,6
4,190,0,5,784,173,5,5,135,135,0
4,195,0,5,393,81,25,25,484,484,0
4,200,0,5,439,103,25,25,410,410,0
4,205,0,5,377,57,25,25,567,567,0
4,210,0,5,378,68,25,25,583,583,0
4,215,0,5,355,60,25,25,575,575,0
4,220,0,5,377,81,25,24,618,549,69
4,225,0,5,376,68,25,24,602,571,31
4,230,0,5,428,77,25,25,471,471,0
4,235,0,5,464,90,25,25,311,311,0
4,240,0,5,441,90,25,25,374,374,0
4,245,0,5,597,114,25,25,159,159,0
4,250,0,5,498,99,25,25,332,332,0
4,255,0,5,577,126,25,24,222,203,19
4,260,0,5,578,115,25,25,166,166,0
4,265,0,5,530,100,25,25,281,281,0
4,270,0,5,492,99,25,23,311,248,63
4,275,0,5,494,101,25,24,303,247,56
4,280,0,5,393,80,25,25,548,548,0
4,285,0,5,540,104,25,23,539,481,58
4,290,0,5,415,87,25,24,517,501,16
4,295,0,5,348,62,25,23,543,502,41
4,300,0,5,488,115,25,24,340,328,12
4,305,0,5,516,129,25,23,498,396,102
4,310,0,5,362,87,25,24,701,669,32
4,315,0,5,421,135,25,25,643,643,0
4,320,0,5,389,62,25,25,450,450,0
4,325,0,5,574,136,25,25,262,262,0
4,330,0,5,495,106,25,25,292,292,0
4,335,0,5,425,66,25,25,405,405,0
4,340,0,5,527,131,25,24,308,278,30
4,345,0,5,441,99,25,24,402,373,29
4,350,0,5,427,108,25,25,446,446,0
4,355,0,5,531,136,25,24,388,377,11
4,360,0,5,447,93,25,25,474,474,0
4,365,0,5,458,93,25,24,386,374,12
4,370,0,5,492,109,25,25,438,438,0
4,375,0,5,646,151,25,25,308,308,0
4,380,0,5,461,103,25,21,546,482,64
4,385,0,5,304,65,24,23,739,699,40
4,390,0,5,331,82,25,23,855,747,108
4,395,0,5,281,54,25,22,910,743,167
4,400,0,5,316,58,25,24,846,808,38
4,405,0,5,327,57,25,25,684,684,0
4,410,0,5,420,145,25,24,773,751,22
4,415,0,5,297,80,25,23,865,797,68
4,420,0,5,356,94,25,23,844,666,178
4,425,0,5,336,55,25,24,653,577,76
4,430,0,5,376,94,25,24,639,582,57
4,435,0,5,322,47,25,24,732,650,82
4,440,0,5,236,37,25,25,852,852,0
4,445,0,5,251,43,25,25,829,829,0
4,450,0,5,273,65,25,25,862,862,0
4,455,0,5,290,70,25,25,764,764,0
4,460,0,5,444,103,25,24,512,464,48
4,465,0,5,380,89,25,25,621,621,0
4,470,0,5,253,38,25,25,797,797,0
4,475,0,5,261,47,25,22,772,650,122
4,480,0,5,275,48,25,24,723,655,68
4,485,0,5,446,72,25,25,407,407,0
4,490,0,5,273,68,25,24,739,683,56
4,495,0,5,367,55,25,25,547,547,0
4,500,0,5,314,59,25,22,1296,1129,167
4,505,0,5,342,45,25,24,631,613,18
4,510,0,5,251,49,25,22,834,698,136
4,515,0,5,253,41,25,23,797,751,46
4,520,0,5,266,42,25,22,969,783,186
4,525,0,5,361,73,25,24,553,506,47
4,530,0,5,370,83,25,25,604,604,0
4,535,0,5,333,58,25,24,634,579,55
4,540,0,5,282,33,25,24,794,644,150
4,545,0,5,304,49,25,21,787,546,241
4,550,0,5,276,41,25,25,926,926,0
4,555,0,5,337,71,25,23,609,444,165
4,560,0,5,337,74,25,25,713,713,0
4,565,0,5,335,62,25,22,825,621,204
4,570,0,5,315,61,25,24,664,598,66
4,575,0,5,322,70,25,23,677,614,63
4,580,0,5,296,66,25,24,705,662,43
4,585,0,5,476,90,25,25,276,276,0
4,590,0,5,446,98,25,25,338,338,0
4,595,0,5,397,76,25,24,478,464,14
4,600,0,5,508,90,25,25,273,273,0
4,605,0,5,440,90,25,25,375,375,0
4,610,0,5,440,77,25,25,382,382,0
4,615,0,5,382,66,25,25,455,455,0
4,620,0,5,427,69,25,25,372,372,0
4,625,0,5,446,86,25,25,431,431,0
4,630,0,5,403,67,25,25,407,407,0
4,635,0,5,456,84,25,25,398,398,0
4,640,0,5,371,82,25,25,485,485,0
4,645,0,5,293,58,25,24,629,561,68
4,650,0,5,289,57,25,23,809,712,97
4,655,0,5,351,76,25,23,609,550,59
4,660,0,5,348,98,25,23,907,797,110
4,665,0,5,484,106,25,23,1042,928,114
4,670,0,5,290,55,25,23,734,675,59
4,675,0,5,297,53,25,24,777,719,58
4,680,0,5,315,72,25,23,672,614,58
4,685,0,5,321,73,25,25,642,642,0
4,690,0,5,308,49,25,23,734,584,150
4,695,0,5,262,45,25,24,828,791,37
4,700,0,5,381,70,25,24,962,930,32
4,705,0,5,357,74,25,25,700,700,0
4,710,0,5,384,62,25,23,640,569,71
4,715,0,5,401,83,25,20,641,445,196
4,720,0,5,391,73,25,24,668,610,58
4,725,0,5,395,67,25,24,610,582,28
4,730,0,5,324,68,25,23,774,680,94
4,735,0,5,285,52,25,23,991,883,108
4,740,0,5,269,60,25,19,1074,812,262
4,745,0,5,296,55,25,19,824,513,311
4,750,0,5,315,69,25,23,900,777,123
4,755,0,5,298,65,25,19,823,453,370
4,760,0,5,339,58,25,22,784,645,139
4,765,0,5,339,73,25,22,751,575,176
4,770,0,5,357,78,25,20,681,570,111
4,775,0,5,329,56,25,23,607,383,224
4,780,0,5,328,48,25,23,620,408,212
4,785,0,5,366,70,25,24,479,450,29
4,790,0,5,409,69,25,25,516,516,0
4,795,0,5,371,59,25,25,542,542,0
4,800,0,5,371,59,25,25,542,542,0
4,805,0,5,345,61,25,24,646,614,32
4,810,0,5,489,92,25,24,389,306,83
4,815,0,5,489,92,25,24,389,306,83
4,820,0,5,496,109,25,24,403,314,89
4,825,0,5,410,59,25,25,544,544,0
4,830,0,5,286,53,25,24,761,746,15
4,835,0,5,314,49,25,24,678,655,23
4,840,0,5,364,70,25,25,548,548,0
4,845,0,5,331,68,25,25,625,625,0
4,850,0,5,322,68,25,25,624,624,0
4,855,0,5,392,76,25,22,537,423,114
4,860,0,5,431,78,25,24,540,530,10
4,865,0,5,333,67,25,24,636,527,109
4,870,0,5,263,59,25,23,881,775,106
4,875,0,5,302,60,25,24,770,743,27
4,880,0,5,343,64,25,23,644,523,121
4,885,0,5,353,79,25,24,536,516,20
4,890,0,5,440,95,25,25,461,461,0
4,895,0,5,404,118,25,23,646,605,41
4,900,0,5,411,131,25,24,512,468,44
4,905,0,5,369,104,25,24,579,542,37
4,910,0,5,571,139,25,21,1566,1455,111
4,915,0,5,264,52,25,23,1062,936,126
4,920,0,5,322,78,25,24,720,697,23
4,925,0,5,334,67,25,25,695,695,0
4,930,0,5,366,61,25,23,696,565,131
4,935,0,5,406,61,25,23,489,424,65
4,940,0,5,447,82,25,24,406,389,17
4,945,0,5,393,75,25,23,536,465,71
4,950,0,5,330,55,25,23,685,654,31
4,955,0,5,380,86,25,25,531,531,0
4,960,0,5,381,76,25,25,566,566,0
4,965,0,5,381,76,25,25,566,566,0
4,970,0,5,366,83,25,24,578,558,20
4,975,0,5,317,58,25,23,752,723,29
4,980,0,5,339,70,25,24,647,607,40
4,985,0,5,390,100,25,25,501,501,0
4,990,0,5,373,70,25,25,574,574,0
4,995,0,5,340,60,25,25,693,693,0
4,1000,0,5,335,64,25,24,584,569,15
4,1005,0,5,448,94,25,25,438,438,0
4,1010,0,5,424,81,25,25,461,461,0
4,1015,0,5,361,82,25,23,561,430,131
4,1020,0,5,361,82,25,23,561,430,131
4,1025,0,5,446,113,25,24,477,451,26
4,1030,0,5,388,73,25,25,485,485,0
4,1035,0,5,381,87,25,24,519,445,74
4,1040,0,5,354,65,25,25,552,552,0
4,1045,0,5,515,107,25,25,321,321,0
4,1050,0,5,359,64,25,24,484,416,68
4,1055,0,5,381,69,25,24,511,481,30
4,1060,0,5,260,47,25,24,843,726,117
4,1065,0,5,277,55,25,25,784,784,0
4,1070,0,5,279,52,25,24,787,757,30
4,1075,0,5,279,52,25,24,787,757,30
4,1080,0,5,369,56,25,25,539,539,0
4,1085,0,5,312,48,25,23,652,574,78
4,1090,0,5,335,54,25,24,649,635,14
4,1095,0,5,340,53,25,24,574,543,31
4,1100,0,5,312,52,25,24,632,576,56
4,1105,0,5,336,59,25,23,579,523,56
4,1110,0,5,398,73,25,24,503,473,30
4,1115,0,5,455,70,25,24,580,542,38
4,1120,0,5,384,75,25,24,509,497,12
4,1125,0,5,358,78,25,24,531,467,64
4,1130,0,5,277,48,25,24,708,697,11
4,1135,0,5,361,71,25,25,505,505,0
4,1140,0,5,361,71,25,25,505,505,0
4,1145,0,5,420,78,25,25,408,408,0
4,1150,0,5,318,58,25,25,732,732,0
4,1155,0,5,318,58,25,25,732,732,0
4,1160,0,5,342,54,25,23,561,499,62
4,1165,0,5,356,68,25,24,590,582,8
4,1170,0,5,348,51,25,22,776,586,190
4,1175,0,5,347,50,25,23,787,717,70
4,1180,0,5,378,68,25,25,525,525,0
4,1185,0,5,318,50,25,25,583,583,0
4,1190,0,5,296,52,25,25,624,624,0
4,1195,0,5,284,65,25,25,729,729,0
4,1200,0,5,349,83,25,24,607,597,10
4,1205,0,5,362,67,25,24,697,671,26
4,1210,0,5,397,82,25,25,578,578,0
4,1215,0,5,448,78,25,25,469,469,0
4,1220,0,5,307,55,25,23,726,644,82
4,1225,0,5,319,68,25,24,713,687,26
4,1230,0,5,432,90,25,25,437,437,0
4,1235,0,5,450,86,25,24,464,444,20
4,1240,0,5,367,77,25,23,681,610,71
4,1245,0,5,330,60,25,25,698,698,0
4,1250,0,5,372,83,25,24,766,738,28
4,1255,0,5,421,91,25,24,609,586,23
4,1260,0,5,349,73,25,24,690,682,8
4,1265,0,5,349,73,25,24,690,682,8
4,1270,0,5,450,68,25,24,554,537,17
4,1275,0,5,413,75,25,24,582,561,21
4,1280,0,5,334,60,25,23,667,586,81
4,1285,0,5,376,59,25,24,558,508,50
4,1290,0,5,365,86,25,24,683,658,25
4,1295,0,5,362,71,25,24,675,639,36
4,1300,0,5,291,46,25,24,766,672,94
4,1305,0,5,414,70,25,24,517,467,50
4,1310,0,5,414,70,25,24,517,467,50
4,1315,0,5,338,54,25,22,612,514,98
4,1320,0,5,286,51,25,23,730,565,165
4,1325,0,5,355,58,25,23,600,522,78
4,1330,0,5,339,50,25,23,590,499,91
4,1335,0,5,343,77,25,23,582,451,131
4,1340,0,5,333,80,25,23,613,525,88
4,1345,0,5,397,114,25,23,487,301,186
4,1350,0,5,332,64,25,23,617,446,171
4,1355,0,5,298,61,25,23,676,525,151
4,1360,0,5,270,65,25,23,917,777,140
4,1365,0,5,372,104,25,22,592,542,50
4,1370,0,5,339,78,25,23,572,462,110
4,1375,0,5,304,66,25,24,647,590,57
4,1380,0,5,339,71,25,23,614,591,23
4,1385,0,5,419,85,25,25,522,522,0
4,1390,0,5,346,60,25,24,636,573,63
4,1395,0,5,407,95,25,25,524,524,0
4,1400,0,5,382,77,25,25,495,495,0
4,1405,0,5,418,88,25,24,550,528,22
4,1410,0,5,344,77,25,22,724,628,96
4,1415,0,5,357,80,25,25,653,653,0
4,1420,0,5,337,71,25,25,924,924,0
4,1425,0,5,331,75,25,25,936,936,0
4,1430,0,5,344,54,25,23,608,444,164
4,1435,0,5,382,97,25,24,720,625,95
4,1440,0,5,309,54,25,23,716,582,134
4,1445,0,5,452,110,25,24,475,400,75
4,1450,0,5,336,50,25,24,689,623,66
4,1455,0,5,295,68,25,24,930,920,10
4,1460,0,5,276,50,25,24,983,956,27
4,1465,0,5,317,85,25,25,797,797,0
4,1470,0,5,363,64,25,24,559,530,29
4,1475,0,5,327,70,25,25,884,884,0
4,1480,0,5,388,72,25,24,640,558,82
4,1485,0,5,442,93,25,24,513,486,27
4,1490,0,5,461,82,25,24,435,407,28
4,1495,0,5,489,108,25,25,511,511,0
4,1500,0,5,519,108,25,24,383,362,21
4,1505,0,5,546,107,25,25,365,365,0
4,1510,0,5,381,69,25,24,614,528,86
4,1515,0,5,343,56,25,23,769,679,90
4,1520,0,5,384,73,25,23,695,622,73
4,1525,0,5,339,66,25,23,772,650,122
4,1530,0,5,478,85,25,24,549,503,46
4,1535,0,5,357,61,25,25,699,699,0
4,1540,0,5,339,55,25,24,819,740,79
4,1545,0,5,300,46,25,24,829,773,56
4,1550,0,5,314,44,25,24,824,784,40
4,1555,0,5,292,60,25,24,738,712,26
4,1560,0,5,449,85,25,24,397,386,11
4,1565,0,5,487,95,25,24,450,421,29
4,1570,0,5,484,67,25,25,380,380,0
4,1575,0,5,445,67,25,24,464,439,25
4,1580,0,5,483,109,25,24,521,487,34
4,1585,0,5,457,83,25,25,406,406,0
4,1590,0,5,468,94,25,24,420,388,32
4,1595,0,5,404,75,25,22,517,426,91
4,1600,0,5,446,109,25,25,744,744,0
4,1605,0,5,420,80,25,24,515,427,88
4,1610,0,5,389,70,25,25,511,511,0
4,1615,0,5,402,71,25,25,494,494,0
4,1620,0,5,369,69,25,24,620,608,12
4,1625,0,5,381,54,25,24,587,554,33
4,1630,0,5,436,70,25,25,446,446,0
4,1635,0,5,462,80,25,25,459,459,0
4,1640,0,5,422,70,25,25,441,441,0
4,1645,0,5,400,62,25,22,554,432,122
4,1650,0,5,432,67,25,25,430,430,0
4,1655,0,5,415,80,25,24,525,439,86
4,1660,0,5,418,84,25,25,518,518,0
4,1665,0,5,580,106,25,25,328,328,0
4,1670,0,5,580,106,25,25,328,328,0
4,1675,0,5,325,43,25,25,682,682,0
4,1680,0,5,341,59,25,22,693,590,103
4,1685,0,5,353,57,25,24,668,663,5
4,1690,0,5,423,68,25,24,504,499,5
4,1695,0,5,309,40,25,24,748,688,60
4,1700,0,5,340,57,25,23,682,602,80
4,1705,0,5,385,68,25,24,538,527,11
4,1710,0,5,312,51,25,24,838,816,22
4,1715,0,5,447,67,25,24,528,512,16
4,1720,0,5,446,66,25,25,495,495,0
4,1725,0,5,455,79,25,24,523,484,39
4,1730,0,5,415,80,25,25,554,554,0
4,1735,0,5,402,92,25,23,559,423,136
4,1740,0,5,403,55,25,24,518,491,27
4,1745,0,5,442,78,25,25,469,469,0
4,1750,0,5,430,52,25,24,603,546,57
4,1755,0,5,457,65,25,24,553,512,41
4,1760,0,5,367,53,25,25,640,640,0
4,1765,0,5,441,78,25,24,486,450,36
4,1770,0,5,363,64,25,23,556,437,119
4,1775,0,5,390,54,25,24,597,572,25
4,1780,0,5,379,56,25,25,584,584,0
4,1785,0,5,390,68,25,22,553,391,162
4,1790,0,5,373,51,25,24,633,601,32
4,1795,0,5,401,67,25,24,579,542,37
4,1800,0,5,396,62,25,24,594,522,72
4,1805,0,5,386,76,25,24,591,523,68
4,1810,0,5,386,78,25,25,898,898,0
4,1815,0,5,309,52,25,25,814,814,0
4,1820,0,5,360,78,25,24,761,697,64
4,1825,0,5,390,66,25,25,580,580,0
4,1830,0,5,389,79,25,23,611,546,65
4,1835,0,5,336,67,25,24,640,628,12
4,1840,0,5,336,64,25,23,749,702,47
4,1845,0,5,322,65,25,24,781,742,39
4,1850,0,5,366,66,25,21,679,548,131
4,1855,0,5,475,94,25,20,596,373,223
4,1860,0,5,341,65,25,20,809,628,181
4,1865,0,5,331,58,25,22,727,616,111
4,1870,0,5,477,107,25,22,427,403,24
4,1875,0,5,443,111,25,21,498,389,109
4,1880,0,5,344,66,25,19,716,550,166
4,1885,0,5,329,59,25,23,812,769,43
4,1890,0,5,461,83,25,23,512,488,24
4,1895,0,5,394,56,25,24,571,540,31
4,1900,0,5,423,69,25,21,535,329,206
4,1905,0,5,431,81,25,25,450,450,0
4,1910,0,5,350,55,25,23,680,625,55
4,1915,0,5,381,73,25,24,540,530,10
4,1920,0,5,351,54,25,23,667,630,37
4,1925,0,5,366,68,25,24,601,552,49
4,1930,0,5,305,51,25,23,849,773,76
4,1935,0,5,305,51,25,23,849,773,76
4,1940,0,5,305,51,25,23,849,773,76
4,1945,0,5,386,66,25,24,662,618,44
4,1950,0,5,387,53,25,24,646,624,22
4,1955,0,5,414,67,25,25,529,529,0
4,1960,0,5,360,54,25,24,829,808,21
4,1965,0,5,365,58,25,24,665,617,48
4,1970,0,5,333,54,25,24,758,722,36
4,1975,0,5,332,54,25,24,881,863,18
4,1980,0,5,312,53,25,23,873,824,49
4,1985,0,5,300,52,25,23,1065,953,112
4,1990,0,5,294,49,25,25,883,883,0
4,1995,0,5,285,39,25,23,950,862,88
4,2000,0,5,323,52,25,23,732,658,74
4,2005,0,5,309,64,25,23,737,642,95
4,2010,0,5,309,64,25,23,784,717,67
4,2015,0,5,283,50,25,25,964,964,0
4,2020,0,5,297,39,25,24,1056,992,64
4,2025,0,5,388,75,25,24,523,501,22
4,2030,0,5,323,63,25,24,844,807,37
4,2035,0,5,339,80,25,25,864,864,0
4,2040,0,5,337,75,25,23,836,763,73
4,2045,0,5,370,86,25,25,737,737,0
4,2050,0,5,337,65,25,23,710,642,68
4,2055,0,5,374,81,25,25,690,690,0
4,2060,0,5,370,52,25,25,637,637,0
4,2065,0,5,292,56,25,24,881,873,8
4,2070,0,5,303,40,25,23,1026,926,100
4,2075,0,5,340,64,25,20,795,528,267
4,2080,0,5,326,53,25,23,768,671,97
4,2085,0,5,377,65,25,23,672,564,108
4,2090,0,5,366,66,25,21,650,425,225
4,2095,0,5,331,54,25,18,719,456,263
4,2100,0,5,330,52,25,21,698,529,169
4,2105,0,5,344,54,25,23,708,621,87
4,2110,0,5,358,67,25,23,785,679,106
4,2115,0,5,329,34,25,23,679,573,106
4,2120,0,5,377,55,25,19,582,369,213
4,2125,0,5,468,93,25,23,541,469,72
4,2130,0,5,353,55,25,25,646,646,0
4,2135,0,5,389,54,25,25,604,604,0
4,2140,0,5,472,83,25,22,460,416,44
4,2145,0,5,484,93,25,22,457,401,56
4,2150,0,5,388,67,25,23,518,441,77
4,2155,0,5,391,74,25,23,493,426,67
4,2160,0,5,392,77,25,24,526,503,23
4,2165,0,5,397,64,25,23,773,705,68
4,2170,0,5,306,62,25,23,1002,904,98
4,2175,0,5,299,53,25,22,771,643,128
4,2180,0,5,286,55,25,19,955,593,362
4,2185,0,5,351,80,25,21,775,694,81
4,2190,0,5,362,68,25,21,694,548,146
4,2195,0,5,385,104,25,22,854,710,144
4,2200,0,5,306,60,25,24,1108,1070,38
4,2205,0,5,334,66,25,23,1015,886,129
4,2210,0,5,418,109,25,20,671,551,120
4,2215,0,5,384,90,25,24,545,544,1
4,2220,0,5,282,54,25,24,902,847,55
4,2225,0,5,359,67,25,23,662,586,76
4,2230,0,5,392,57,25,22,588,475,113
4,2235,0,5,429,93,25,20,523,458,65
4,2240,0,5,419,93,25,21,504,404,100
4,2245,0,5,303,64,25,19,793,488,305
4,2250,0,5,303,64,25,19,793,488,305
4,2255,0,5,402,69,25,21,529,438,91
4,2260,0,5,403,82,25,24,525,523,2
4,2265,0,5,377,58,25,22,597,449,148
4,2270,0,5,403,95,25,19,606,458,148
4,2275,0,5,384,68,25,22,538,422,116
4,2280,0,5,360,85,25,22,587,537,50
4,2285,0,5,305,43,25,23,802,670,132
4,2290,0,5,292,66,25,20,838,620,218
4,2295,0,5,279,49,25,21,991,727,264
4,2300,0,5,247,49,25,19,979,815,164
4,2305,0,5,361,68,25,19,695,482,213
4,2310,0,5,390,70,25,25,478,478,0
4,2315,0,5,363,78,25,21,629,424,205
4,2320,0,5,324,44,25,24,643,591,52
4,2325,0,5,284,44,25,9,990,375,615
4,2330,0,5,360,58,25,14,536,346,190
4,2335,0,5,284,56,25,18,956,534,422
4,2340,0,5,320,65,25,12,881,362,519
4,2345,0,5,324,57,25,23,883,701,182
4,2350,0,5,365,72,25,22,608,456,152
4,2355,0,5,386,79,25,24,513,450,63
4,2360,0,5,386,79,25,24,513,450,63
4,2365,0,5,329,51,25,24,641,582,59
4,2370,0,5,345,55,25,22,584,345,239
4,2375,0,5,348,55,25,21,618,390,228
4,2380,0,5,332,67,25,19,671,371,300
4,2385,0,5,336,46,25,21,626,529,97
4,2390,0,5,488,99,25,18,903,547,356
4,2395,0,5,318,56,25,19,901,631,270
4,2400,0,5,388,77,25,23,671,654,17
4,2405,0,5,407,70,25,22,458,395,63
4,2410,0,5,359,67,25,23,674,618,56
4,2415,0,5,412,67,25,20,491,369,122
4,2420,0,5,420,106,25,17,606,392,214
4,2425,0,5,315,54,25,24,698,627,71
4,2430,0,5,394,92,25,25,512,512,0
4,2435,0,5,314,66,25,23,638,534,104
4,2440,0,5,346,75,25,24,573,549,24
4,2445,0,5,327,66,25,24,684,633,51
4,2450,0,5,360,56,25,24,600,518,82
4,2455,0,5,307,48,25,24,784,734,50
4,2460,0,5,358,70,25,25,616,616,0
4,2465,0,5,362,82,25,25,560,560,0
4,2470,0,5,379,69,25,24,566,532,34
4,2475,0,5,379,83,25,25,617,617,0
4,2480,0,5,323,41,25,24,759,715,44
4,2485,0,5,364,50,25,23,741,638,103
4,2490,0,5,345,68,25,25,707,707,0
4,2495,0,5,363,74,25,22,660,520,140
4,2500,0,5,350,74,25,24,693,648,45
4,2505,0,5,330,50,25,24,763,672,91
4,2510,0,5,350,73,25,22,669,610,59
4,2515,0,5,427,88,25,25,582,582,0
4,2520,0,5,386,75,25,23,737,676,61
4,2525,0,5,313,50,25,21,656,541,115
4,2530,0,5,338,62,25,24,756,714,42
4,2535,0,5,403,88,25,21,645,395,250
4,2540,0,5,377,74,25,22,703,450,253
4,2545,0,5,365,51,25,23,661,592,69
4,2550,0,5,366,65,25,23,611,595,16
4,2555,0,5,364,63,25,24,676,674,2
4,2560,0,5,356,53,25,25,676,676,0
4,2565,0,5,329,49,25,22,749,556,193
4,2570,0,5,378,64,25,23,618,506,112
4,2575,0,5,381,87,25,23,564,491,73
4,2580,0,5,419,100,25,24,459,419,40
4,2585,0,5,423,116,25,23,655,625,30
4,2590,0,5,336,56,25,21,884,527,357
4,2595,0,5,332,64,25,24,652,610,42
4,2600,0,5,397,88,25,23,573,528,45
4,2605,0,5,344,77,25,23,735,657,78
4,2610,0,5,406,115,25,22,609,577,32
4,2615,0,5,394,87,25,24,527,515,12
4,2620,0,5,392,86,25,23,565,538,27
4,2625,0,5,406,77,25,25,532,532,0
4,2630,0,5,379,75,25,20,662,500,162
4,2635,0,5,405,89,25,22,513,435,78
4,2640,0,5,349,66,25,24,662,610,52
4,2645,0,5,343,62,25,24,696,555,141
4,2650,0,5,383,79,25,24,593,571,22
4,2655,0,5,379,67,25,24,560,545,15
4,2660,0,5,339,51,25,25,643,643,0
4,2665,0,5,326,50,25,24,743,597,146
4,2670,0,5,339,50,25,24,709,635,74
4,2675,0,5,400,103,25,24,651,564,87
4,2680,0,5,288,45,25,22,979,744,235
4,2685,0,5,213,36,25,23,1076,768,308
4,2690,0,5,210,41,22,1,2167,17,2150
4,2695,0,5,173,25,25,2,2137,8,2129
4,2700,0,5,201,45,21,2,1784,39,1745
4,2705,0,5,239,38,24,8,1803,70,1733
4,2710,0,5,220,38,25,8,2520,12,2508
4,2715,0,5,144,26,25,6,3564,0,3564
4,2720,0,5,151,24,25,6,2574,0,2574
4,2725,0,5,151,24,25,6,2574,0,2574
4,2730,0,5,144,17,25,6,2502,0,2502
4,2735,0,5,157,26,25,6,3566,0,3566
4,2740,0,5,157,26,25,6,3566,0,3566
4,2745,0,5,183,30,23,2,2330,4,2326
4,2750,0,5,136,18,21,6,2405,0,2405
4,2755,0,5,157,26,22,4,2524,0,2524
4,2760,0,5,145,14,22,1,2595,0,2595
4,2765,0,5,134,17,22,3,2597,0,2597
4,2770,0,5,134,17,22,3,2597,0,2597
4,2775,0,5,117,13,23,6,3124,2,3122
4,2780,0,5,131,14,24,6,1951,0,1951
4,2785,0,5,123,19,23,2,2062,2,2060
4,2790,0,5,117,13,22,3,2471,0,2471
4,2795,0,5,131,14,25,3,2688,0,2688
4,2800,0,5,131,14,25,3,2688,0,2688
4,2805,0,5,124,12,25,3,2492,0,2492
4,2810,0,5,124,12,25,3,2567,0,2567
4,2815,0,5,124,13,25,3,2436,0,2436
4,2820,0,5,124,13,25,3,2436,0,2436
4,2825,0,5,114,9,24,5,2524,12,2512
4,2830,0,5,114,9,24,5,2524,12,2512
4,2835,0,5,162,31,25,1,3160,0,3160
4,2840,0,5,131,13,25,6,2839,0,2839
4,2845,0,5,141,23,25,4,2781,0,2781
4,2850,0,5,141,23,25,4,2781,0,2781
4,2855,0,5,141,23,25,4,2781,0,2781
4,2860,0,5,116,12,25,6,2473,0,2473
4,2865,0,5,116,12,25,6,2445,0,2445
4,2870,0,5,116,12,25,6,2445,0,2445
4,2875,0,5,116,12,25,6,2392,0,2392
4,2880,0,5,116,12,25,6,2241,0,2241
4,2885,0,5,116,12,25,5,3017,0,3017
4,2890,0,5,116,12,25,5,3017,0,3017
4,2895,0,5,116,12,25,5,3017,0,3017
4,2900,0,5,120,17,24,4,2142,6,2136
4,2905,0,5,120,17,24,4,2142,6,2136
4,2910,0,5,120,17,24,4,2142,6,2136
4,2915,0,5,116,13,24,7,2378,6,2372
4,2920,0,5,116,16,23,6,2472,4,2468
4,2925,0,5,116,13,23,7,2416,6,2410
4,2930,0,5,175,26,25,3,2474,0,2474
4,2935,0,5,128,24,19,5,2194,0,2194
4,2940,0,5,121,13,24,8,2345,8,2337
4,2945,0,5,170,26,24,3,2546,0,2546
4,2950,0,5,129,13,20,5,1919,0,1919
4,2955,0,5,129,13,20,5,1945,0,1945
4,2960,0,5,129,13,20,5,1945,0,1945
4,2965,0,5,140,11,23,1,2499,0,2499
4,2970,0,5,129,14,22,4,2758,0,2758
4,2975,0,5,143,14,22,5,1763,0,1763
4,2980,0,5,142,26,23,3,2597,0,2597
4,2985,0,5,142,26,23,3,2597,0,2597
4,2990,0,5,128,12,23,7,1750,0,1750
4,2995,0,5,119,16,23,6,1673,0,1673
4,3000,0,5,112,10,23,7,1575,0,1575
4,3005,0,5,114,11,22,7,1525,0,1525
4,3010,0,5,103,9,22,8,1903,0,1903
4,3015,0,5,103,9,22,8,1903,0,1903
4,3020,0,5,111,10,24,9,1556,0,1556
4,3025,0,5,111,10,24,9,1556,0,1556
4,3030,0,5,103,11,25,9,1695,0,1695
4,3035,0,5,103,11,25,9,1695,0,1695
4,3040,0,5,104,12,24,10,1644,3,1641
4,3045,0,5,106,10,23,7,1604,0,1604
4,3050,0,5,106,10,23,7,1604,0,1604
4,3055,0,5,120,14,24,5,1606,0,1606
4,3060,0,5,122,14,25,5,1494,2,1492
4,3065,0,5,122,14,25,5,1494,2,1492
4,3070,0,5,125,12,25,4,1484,2,1482
4,3075,0,5,121,9,25,5,1393,2,1391
4,3080,0,5,115,10,22,8,1939,0,1939
4,3085,0,5,115,10,22,8,1939,0,1939
4,3090,0,5,113,11,23,7,1740,3,1737
4,3095,0,5,131,20,24,7,1581,0,1581
4,3100,0,5,131,20,24,7,1581,0,1581
4,3105,0,5,131,20,24,7,1581,0,1581
4,3110,0,5,131,20,24,7,1581,0,1581
4,3115,0,5,131,20,24,7,1581,0,1581
4,3120,0,5,131,20,24,7,1581,0,1581
4,3125,0,5,131,20,24,7,1581,0,1581
4,3130,0,5,114,9,25,8,1650,2,1648
4,3135,0,5,97,7,25,8,1828,0,1828
4,3140,0,5,97,7,25,8,1828,0,1828
4,3145,0,5,100,6,25,5,1771,2,1769
4,3150,0,5,102,6,25,7,2748,0,2748
4,3155,0,5,110,7,25,5,1763,0,1763
4,3160,0,5,103,8,24,9,1703,0,1703
4,3165,0,5,111,16,23,7,1624,0,1624
4,3170,0,5,111,16,23,7,1624,0,1624
4,3175,0,5,100,11,24,7,1605,0,1605
4,3180,0,5,100,11,24,7,1605,0,1605
4,3185,0,5,104,7,24,7,1763,0,1763
4,3190,0,5,102,8,24,7,1841,0,1841
4,3195,0,5,101,8,24,5,1717,0,1717
4,3200,0,5,106,6,24,5,1542,0,1542
4,3205,0,5,105,12,23,8,1888,0,1888
4,3210,0,5,110,7,25,3,1469,0,1469
4,3215,0,5,107,7,25,3,1467,0,1467
4,3220,0,5,112,12,24,8,1508,0,1508
4,3225,0,5,112,12,24,8,1508,0,1508
4,3230,0,5,112,12,24,8,1508,0,1508
4,3235,0,5,112,12,24,8,1508,0,1508
4,3240,0,5,112,12,24,8,1508,0,1508
4,3245,0,5,115,15,25,8,1595,0,1595
4,3250,0,5,107,8,24,9,1547,0,1547
4,3255,0,5,101,7,22,4,1759,0,1759
4,3260,0,5,107,5,22,3,1657,0,1657
4,3265,0,5,107,5,22,3,1657,0,1657
4,3270,0,5,107,5,22,3,1657,0,1657
4,3275,0,5,101,8,23,5,1523,0,1523
4,3280,0,5,108,8,24,3,2619,0,2619
4,3285,0,5,121,19,25,7,1878,0,1878
4,3290,0,5,109,14,24,7,2545,0,2545
4,3295,0,5,113,17,23,4,2227,0,2227
4,3300,0,5,118,13,25,3,1675,0,1675
4,3305,0,5,118,13,25,3,1675,0,1675
4,3310,0,5,118,13,25,3,1675,0,1675
4,3315,0,5,118,13,25,3,1675,0,1675
4,3320,0,5,104,8,24,5,2315,0,2315
4,3325,0,5,114,16,24,5,1771,0,1771
4,3330,0,5,109,14,25,6,1804,0,1804
4,3335,0,5,136,13,25,7,1767,0,1767
4,3340,0,5,136,13,25,7,1767,0,1767
4,3345,0,5,136,13,25,7,1767,0,1767
4,3350,0,5,123,13,25,7,1694,0,1694
4,3355,0,5,123,13,25,7,1694,0,1694
4,3360,0,5,95,6,23,7,1864,0,1864
4,3365,0,5,95,6,23,7,1864,0,1864
4,3370,0,5,95,6,23,7,1864,0,1864
4,3375,0,5,109,11,22,9,1827,0,1827
4,3380,0,5,116,13,23,7,1547,0,1547
4,3385,0,5,110,9,23,4,1882,0,1882
4,3390,0,5,101,9,23,9,1609,0,1609
4,3395,0,5,102,11,23,9,1620,0,1620
4,3400,0,5,100,8,25,6,1722,0,1722
4,3405,0,5,124,8,24,7,1567,0,1567
4,3410,0,5,110,9,24,2,1685,0,1685
4,3415,0,5,105,7,24,5,2095,0,2095
4,3420,0,5,109,10,24,5,1836,0,1836
4,3425,0,5,106,7,25,6,2048,0,2048
4,3430,0,5,104,7,24,5,2103,0,2103
4,3435,0,5,106,9,24,5,1868,0,1868
4,3440,0,5,117,13,24,9,1478,0,1478
4,3445,0,5,117,13,24,9,1478,0,1478
4,3450,0,5,103,12,24,7,1797,0,1797
4,3455,0,5,97,8,23,7,1895,0,1895
4,3460,0,5,98,10,24,8,2041,0,2041
4,3465,0,5,98,10,24,8,2041,0,2041
4,3470,0,5,91,6,23,8,2101,0,2101
4,3475,0,5,92,8,24,10,1602,0,1602
4,3480,0,5,108,9,24,7,1746,0,1746
4,3485,0,5,108,9,24,7,1746,0,1746
4,3490,0,5,107,8,24,8,1765,0,1765
4,3495,0,5,107,8,24,8,1765,0,1765
4,3500,0,5,108,9,24,7,1746,0,1746
4,3505,0,5,108,9,24,7,1874,0,1874
4,3510,0,5,116,14,24,6,2016,0,2016
4,3515,0,5,109,11,24,5,1860,0,1860
4,3520,0,5,121,13,24,7,1511,0,1511
4,3525,0,5,116,12,24,7,1553,0,1553
4,3530,0,5,121,12,25,6,1764,0,1764
4,3535,0,5,98,10,22,5,1448,0,1448
4,3540,0,5,98,10,22,5,1448,0,1448
4,3545,0,5,98,10,22,5,1448,0,1448
4,3550,0,5,97,8,22,9,1438,0,1438
4,3555,0,5,111,8,24,5,1603,0,1603
4,3560,0,5,99,4,24,6,1885,0,1885
4,3565,0,5,110,13,24,4,2209,0,2209
4,3570,0,5,104,10,22,3,2063,0,2063
4,3575,0,5,111,12,25,7,1546,0,1546
4,3580,0,5,177,41,25,7,2583,0,2583
4,3585,0,5,100,9,22,6,2067,0,2067
4,3590,0,5,100,9,22,6,2067,0,2067
4,3595,0,5,140,17,25,6,2165,0,2165
4,3600,0,5,140,17,25,6,2165,0,2165
4,3605,0,5,131,19,25,14,1398,0,1398
4,3610,0,5,102,12,23,9,1931,0,1931
4,3615,0,5,102,12,23,9,1931,0,1931
4,3620,0,5,102,12,23,9,1928,0,1928
4,3625,0,5,96,10,22,6,1761,0,1761
4,3630,0,5,96,10,22,6,1761,0,1761
4,3635,0,5,96,10,22,6,1761,0,1761
4,3640,0,5,96,10,22,6,1761,0,1761
4,3645,0,5,94,8,22,6,1804,0,1804
4,3650,0,5,100,10,21,4,1816,0,1816
4,3655,0,5,100,10,21,4,1816,0,1816
4,3660,0,5,120,11,25,3,1924,0,1924
4,3665,0,5,128,24,24,8,1595,0,1595
4,3670,0,5,128,24,24,8,1595,0,1595
4,3675,0,5,108,7,24,3,1698,0,1698
4,3680,0,5,102,10,24,4,2609,0,2609
4,3685,0,5,100,9,24,4,2460,0,2460
4,3690,0,5,102,8,25,4,2370,0,2370
4,3695,0,5,100,7,25,4,2257,0,2257
4,3700,0,5,97,7,25,4,1924,0,1924
4,3705,0,5,92,6,25,2,1797,0,1797
4,3710,0,5,92,6,25,2,1797,0,1797
4,3715,0,5,101,8,25,9,1613,0,1613
4,3720,0,5,101,8,25,9,1613,0,1613
4,3725,0,5,109,11,25,6,1553,0,1553
4,3730,0,5,100,9,25,7,1628,0,1628
4,3735,0,5,96,7,24,5,1893,0,1893
4,3740,0,5,101,7,23,3,1592,0,1592
4,3745,0,5,123,26,25,2,2132,0,2132
4,3750,0,5,123,26,25,2,2132,0,2132
4,3755,0,5,95,8,25,5,1427,0,1427
4,3760,0,5,95,8,25,5,1427,0,1427
4,3765,0,5,95,8,25,5,1427,0,1427
4,3770,0,5,107,11,25,2,1814,0,1814
4,3775,0,5,107,11,25,2,1814,0,1814
4,3780,0,5,99,5,25,6,1624,0,1624
4,3785,0,5,98,7,24,6,1756,0,1756
4,3790,0,5,98,7,24,6,1756,0,1756
4,3795,0,5,101,6,24,5,1897,0,1897
4,3800,0,5,112,10,24,6,1818,3,1815
4,3805,0,5,100,10,24,5,1895,4,1891
4,3810,0,5,100,10,24,5,1895,4,1891
4,3815,0,5,114,17,19,4,1725,11,1714
4,3820,0,5,122,20,25,6,1495,0,1495
4,3825,0,5,100,12,25,11,1564,0,1564
4,3830,0,5,100,9,25,6,2182,0,2182
4,3835,0,5,106,10,22,7,1667,0,1667
4,3840,0,5,106,10,22,7,1667,0,1667
4,3845,0,5,102,7,25,7,1843,0,1843
4,3850,0,5,111,9,25,4,2081,0,2081
4,3855,0,5,103,14,25,7,2924,0,2924
4,3860,0,5,103,14,25,7,2924,0,2924
4,3865,0,5,103,14,25,7,2924,0,2924
4,3870,0,5,103,14,25,7,2718,0,2718
4,3875,0,5,103,9,25,7,2520,0,2520
4,3880,0,5,103,14,25,7,2572,0,2572
4,3885,0,5,103,14,25,7,2572,0,2572
4,3890,0,5,114,12,25,6,2344,0,2344
4,3895,0,5,116,13,25,4,3095,0,3095
4,3900,0,5,117,14,25,4,2633,0,2633
4,3905,0,5,117,14,25,4,2641,0,2641
4,3910,0,5,117,14,25,4,2641,0,2641
4,3915,0,5,108,8,25,5,2334,0,2334
4,3920,0,5,112,9,25,6,2489,0,2489
4,3925,0,5,112,9,25,6,2489,0,2489
4,3930,0,5,111,8,25,6,2539,0,2539
4,3935,0,5,104,7,25,7,2701,0,2701
4,3940,0,5,118,15,25,11,2424,0,2424
4,3945,0,5,118,15,25,11,2424,0,2424
4,3950,0,5,103,11,25,9,2603,0,2603
4,3955,0,5,109,6,25,5,3150,5,3145
4,3960,0,5,103,7,25,4,2332,0,2332
4,3965,0,5,103,7,25,4,2444,0,2444
4,3970,0,5,97,7,24,5,2060,0,2060
4,3975,0,5,92,5,24,9,2041,8,2033
4,3980,0,5,100,8,25,10,1950,8,1942
4,3985,0,5,100,8,25,10,1950,8,1942
4,3990,0,5,115,14,24,8,1868,0,1868
4,3995,0,5,105,12,24,7,1797,0,1797
4,4000,0,5,96,7,24,8,1857,0,1857
4,4005,0,5,96,7,24,8,1857,0,1857
4,4010,0,5,100,9,25,11,1922,0,1922
4,4015,0,5,100,9,25,11,1918,0,1918
4,4020,0,5,100,9,25,11,1918,0,1918
4,4025,0,5,116,13,25,9,1691,0,1691
4,4030,0,5,105,7,24,5,2724,0,2724
4,4035,0,5,95,7,24,3,2109,0,2109
4,4040,0,5,107,11,25,7,2037,0,2037
4,4045,0,5,113,14,25,7,1683,0,1683
4,4050,0,5,105,9,25,8,1933,0,1933
4,4055,0,5,105,9,25,8,1933,0,1933
4,4060,0,5,102,11,25,10,1746,0,1746
4,4065,0,5,102,11,25,10,1746,0,1746
4,4070,0,5,96,8,25,8,1822,0,1822
4,4075,0,5,101,8,25,12,1711,4,1707
4,4080,0,5,101,8,25,12,1711,4,1707
4,4085,0,5,101,8,25,12,1711,4,1707
4,4090,0,5,96,6,25,8,2137,0,2137
4,4095,0,5,96,6,25,8,2137,0,2137
4,4100,0,5,92,4,23,3,2027,0,2027
4,4105,0,5,92,4,23,3,2027,0,2027
4,4110,0,5,92,4,23,3,2027,0,2027
4,4115,0,5,93,5,23,5,2304,0,2304
4,4120,0,5,93,5,23,5,2304,0,2304
4,4125,0,5,93,5,23,5,2304,0,2304
4,4130,0,5,105,10,25,5,2019,0,2019
4,4135,0,5,105,10,25,5,2019,0,2019
4,4140,0,5,107,10,25,9,2155,0,2155
4,4145,0,5,107,10,25,9,2155,0,2155
4,4150,0,5,106,9,24,6,1980,0,1980
4,4155,0,5,106,9,24,6,1980,0,1980
4,4160,0,5,104,13,24,7,1970,0,1970
4,4165,0,5,98,10,24,5,2556,0,2556
4,4170,0,5,93,6,24,3,1647,0,1647
4,4175,0,5,92,6,24,2,1729,0,1729
4,4180,0,5,92,6,24,2,1729,0,1729
4,4185,0,5,92,6,24,2,1729,0,1729
4,4190,0,5,93,7,24,2,1687,0,1687
4,4195,0,5,106,6,24,3,1851,0,1851
4,4200,0,5,110,9,25,4,1571,0,1571
4,4205,0,5,110,9,25,4,1571,0,1571
4,4210,0,5,104,10,23,2,1754,0,1754
4,4215,0,5,101,8,23,4,1860,0,1860
4,4220,0,5,111,8,24,6,1675,0,1675
4,4225,0,5,101,8,23,3,1691,0,1691
4,4230,0,5,113,12,25,7,3014,0,3014
4,4235,0,5,113,11,25,6,1849,0,1849
4,4240,0,5,106,14,25,6,2142,0,2142
4,4245,0,5,96,9,24,6,2193,0,2193
4,4250,0,5,96,9,24,6,2193,0,2193
4,4255,0,5,96,9,24,6,2193,0,2193
4,4260,0,5,100,10,24,6,1855,0,1855
4,4265,0,5,100,10,24,6,1855,0,1855
4,4270,0,5,103,10,25,8,1985,0,1985
4,4275,0,5,103,8,25,9,1941,0,1941
4,4280,0,5,103,8,25,9,1941,0,1941
4,4285,0,5,111,14,25,7,1972,0,1972
4,4290,0,5,125,24,25,6,1958,0,1958
4,4295,0,5,125,24,25,6,1958,0,1958
4,4300,0,5,125,24,25,6,1958,0,1958
4,4305,0,5,92,6,24,7,1805,0,1805
4,4310,0,5,126,21,25,3,2371,0,2371
4,4315,0,5,101,12,24,5,2088,0,2088
4,4320,0,5,96,6,25,7,1902,0,1902
4,4325,0,5,96,6,25,7,1902,0,1902
4,4330,0,5,96,6,25,7,2025,0,2025
4,4335,0,5,103,10,25,6,1629,0,1629
4,4340,0,5,95,8,23,6,1892,0,1892
4,4345,0,5,95,8,23,6,1892,0,1892
4,4350,0,5,95,8,23,6,1892,0,1892
4,4355,0,5,95,8,23,6,1892,0,1892
4,4360,0,5,96,9,23,6,1920,0,1920
4,4365,0,5,95,8,23,6,1882,0,1882
4,4370,0,5,104,12,25,4,1685,0,1685
4,4375,0,5,104,12,25,4,1685,0,1685
4,4380,0,5,104,12,25,4,1685,0,1685
4,4385,0,5,104,12,25,4,1685,0,1685
4,4390,0,5,94,7,23,4,1930,0,1930
4,4395,0,5,103,15,25,5,2078,0,2078
4,4400,0,5,94,7,23,4,2188,0,2188
4,4405,0,5,98,15,24,6,2196,0,2196
4,4410,0,5,98,15,24,6,2196,0,2196
4,4415,0,5,96,11,23,2,2229,0,2229
4,4420,0,5,103,14,25,10,2021,0,2021
4,4425,0,5,103,14,25,10,2021,0,2021
4,4430,0,5,125,20,25,7,1815,0,1815
4,4435,0,5,104,11,24,6,2128,0,2128
4,4440,0,5,104,11,24,6,2128,0,2128
4,4445,0,5,92,9,24,6,1873,0,1873
4,4450,0,5,104,11,25,5,1622,0,1622
4,4455,0,5,102,12,24,4,1801,0,1801
4,4460,0,5,92,7,23,8,1809,0,1809
4,4465,0,5,90,7,23,8,1768,0,1768
4,4470,0,5,107,11,25,5,1692,0,1692
4,4475,0,5,107,11,25,5,1692,0,1692
4,4480,0,5,107,11,25,5,1658,0,1658
4,4485,0,5,104,13,25,2,1543,0,1543
4,4490,0,5,97,9,23,7,1843,0,1843
4,4495,0,5,97,9,23,7,1843,0,1843
4,4500,0,5,108,10,24,4,1645,0,1645
4,4505,0,5,109,11,25,4,1645,0,1645
4,4510,0,5,109,11,25,4,1645,0,1645
4,4515,0,5,111,9,25,6,1804,0,1804
4,4520,0,5,106,13,24,5,1761,0,1761
4,4525,0,5,106,13,24,5,1761,0,1761
4,4530,0,5,106,13,24,5,1761,0,1761
4,4535,0,5,111,9,25,6,1804,0,1804
4,4540,0,5,109,20,25,5,1860,0,1860
4,4545,0,5,109,20,25,5,1860,0,1860
4,4550,0,5,113,11,24,5,1994,0,1994
4,4555,0,5,113,11,24,5,1994,0,1994
4,4560,0,5,97,11,24,10,2016,0,2016
4,4565,0,5,97,11,24,10,2016,0,2016
4,4570,0,5,97,11,24,10,2016,0,2016
4,4575,0,5,97,11,24,10,2016,0,2016
4,4580,0,5,97,11,24,10,2016,0,2016
4,4585,0,5,98,11,24,7,1758,0,1758
4,4590,0,5,101,14,24,4,2111,0,2111
4,4595,0,5,101,14,24,4,2111,0,2111
4,4600,0,5,101,14,24,4,2111,0,2111
4,4605,0,5,95,8,23,6,2103,0,2103
4,4610,0,5,103,11,24,4,1964,0,1964
4,4615,0,5,107,11,25,2,2210,0,2210
4,4620,0,5,107,11,25,2,2214,0,2214
4,4625,0,5,113,11,23,3,2092,0,2092
4,4630,0,5,102,10,23,8,1895,0,1895
4,4635,0,5,102,10,23,8,1895,0,1895
4,4640,0,5,94,6,23,7,1683,0,1683
4,4645,0,5,94,6,23,7,1683,0,1683
4,4650,0,5,93,7,23,7,1801,2,1799
4,4655,0,5,93,7,23,7,1801,2,1799
4,4660,0,5,93,7,23,7,1801,2,1799
4,4665,0,5,93,7,23,7,1801,2,1799
4,4670,0,5,93,7,23,7,1801,2,1799
4,4675,0,5,93,7,23,7,1801,2,1799
4,4680,0,5,92,6,23,6,1891,2,1889
4,4685,0,5,92,6,23,6,1891,2,1889
4,4690,0,5,92,6,23,6,1891,2,1889
4,4695,0,5,92,5,23,5,1949,0,1949
4,4700,0,5,92,5,23,5,1949,0,1949
4,4705,0,5,100,10,25,9,1655,0,1655
4,4710,0,5,100,10,25,9,1655,0,1655
4,4715,0,5,105,16,25,6,1584,0,1584
4,4720,0,5,105,16,25,6,1584,0,1584
4,4725,0,5,108,18,25,6,1670,0,1670
4,4730,0,5,108,18,25,6,1670,0,1670
4,4735,0,5,108,18,25,6,1670,0,1670
4,4740,0,5,108,18,25,6,1670,0,1670
4,4745,0,5,102,11,25,7,2118,0,2118
4,4750,0,5,94,6,23,5,1852,0,1852
4,4755,0,5,101,14,23,5,1614,0,1614
4,4760,0,5,106,6,25,6,1854,0,1854
4,4765,0,5,101,6,24,8,2102,0,2102
4,4770,0,5,101,5,24,8,1630,0,1630
4,4775,0,5,101,8,25,9,1433,0,1433
4,4780,0,5,123,11,25,5,2298,0,2298
4,4785,0,5,123,11,25,5,2298,0,2298
4,4790,0,5,123,11,25,5,2298,0,2298
4,4795,0,5,123,11,25,5,2298,0,2298
4,4800,0,5,123,11,25,5,2298,0,2298
4,4805,0,5,96,6,25,7,1931,0,1931
4,4810,0,5,95,6,25,8,1730,0,1730
4,4815,0,5,92,6,25,6,1735,0,1735
4,4820,0,5,92,6,25,6,1735,0,1735
4,4825,0,5,92,5,25,4,1554,0,1554
4,4830,0,5,100,10,25,7,1672,0,1672
4,4835,0,5,97,8,25,5,1576,0,1576
4,4840,0,5,98,7,25,5,1510,0,1510
4,4845,0,5,98,7,25,5,1510,0,1510
4,4850,0,5,98,7,25,5,1510,0,1510
4,4855,0,5,98,7,25,5,1510,0,1510
4,4860,0,5,98,7,25,5,1510,0,1510
4,4865,0,5,98,9,25,8,1733,0,1733
4,4870,0,5,98,9,25,8,1733,0,1733
4,4875,0,5,100,7,25,7,1650,0,1650
4,4880,0,5,100,7,25,7,1650,0,1650
4,4885,0,5,100,6,25,7,1626,0,1626
4,4890,0,5,100,7,25,6,1746,0,1746
4,4895,0,5,110,13,25,8,1906,0,1906
4,4900,0,5,110,13,25,8,1906,0,1906
4,4905,0,5,94,8,25,9,2338,0,2338
4,4910,0,5,102,13,25,9,2692,0,2692
4,4915,0,5,102,13,25,9,2692,0,2692
4,4920,0,5,107,17,25,10,2464,0,2464
4,4925,0,5,107,17,25,10,2464,0,2464
4,4930,0,5,101,11,25,7,3323,0,3323
4,4935,0,5,101,11,25,7,3323,0,3323
4,4940,0,5,101,11,25,7,3323,0,3323
4,4945,0,5,100,13,25,4,2774,0,2774
4,4950,0,5,101,11,25,5,2787,0,2787
4,4955,0,5,101,11,25,5,2787,0,2787
4,4960,0,5,100,12,25,9,2750,10,2740
4,4965,0,5,89,6,25,10,2116,0,2116
4,4970,0,5,101,11,25,6,2159,2,2157
4,4975,0,5,101,11,25,6,2159,2,2157
4,4980,0,5,97,9,25,6,2714,0,2714
4,4985,0,5,96,7,25,7,1906,0,1906
4,4990,0,5,100,8,25,8,2219,0,2219
4,4995,0,5,91,5,24,6,1876,0,1876
4,5000,0,5,94,8,23,7,1906,0,1906
4,5005,0,5,100,7,25,8,1686,0,1686
4,5010,0,5,100,7,25,8,1686,0,1686
4,5015,0,5,100,7,25,8,1686,0,1686
4,5020,0,5,100,7,25,6,1692,0,1692
4,5025,0,5,99,6,25,6,1660,0,1660
4,5030,0,5,99,6,25,6,1660,0,1660
4,5035,0,5,103,7,24,7,1746,0,1746
4,5040,0,5,101,8,25,9,1605,0,1605
4,5045,0,5,101,8,25,9,1605,0,1605
4,5050,0,5,101,8,24,6,1886,0,1886
4,5055,0,5,101,8,24,6,1886,0,1886
4,5060,0,5,96,6,24,7,1712,0,1712
4,5065,0,5,96,6,24,7,1712,0,1712
4,5070,0,5,96,6,24,7,1712,0,1712
4,5075,0,5,112,16,24,7,1596,4,1592
4,5080,0,5,103,7,24,10,2291,0,2291
4,5085,0,5,103,7,24,10,2291,0,2291
4,5090,0,5,103,7,24,10,2291,0,2291
4,5095,0,5,103,7,24,10,2291,0,2291
4,5100,0,5,103,7,24,10,2291,0,2291
4,5105,0,5,103,7,24,10,2291,0,2291
4,5110,0,5,102,8,25,11,2039,0,2039
4,5115,0,5,103,9,25,11,1985,0,1985
4,5120,0,5,113,14,25,4,1774,0,1774
4,5125,0,5,101,9,24,9,2318,0,2318
4,5130,0,5,101,9,24,9,2318,0,2318
4,5135,0,5,101,9,24,9,2318,0,2318
4,5140,0,5,102,8,25,7,2010,0,2010
4,5145,0,5,105,9,25,5,1965,0,1965
4,5150,0,5,105,9,25,5,1965,0,1965
4,5155,0,5,105,9,25,5,1965,0,1965
4,5160,0,5,94,7,24,6,2005,0,2005
4,5165,0,5,101,8,25,7,1715,2,1713
4,5170,0,5,100,7,25,7,1843,2,1841
4,5175,0,5,100,7,25,7,1843,2,1841
4,5180,0,5,98,6,24,9,1649,6,1643
4,5185,0,5,97,6,23,2,2185,4,2181
4,5190,0,5,97,6,23,2,2185,4,2181
4,5195,0,5,95,5,24,4,1880,2,1878
4,5200,0,5,95,5,24,4,1880,2,1878
4,5205,0,5,115,13,23,5,1997,0,1997
4,5210,0,5,114,14,25,3,2343,0,2343
4,5215,0,5,97,7,23,8,1955,0,1955
4,5220,0,5,97,7,23,8,1955,0,1955
4,5225,0,5,97,7,23,8,1955,0,1955
4,5230,0,5,97,7,23,8,1955,0,1955
4,5235,0,5,97,7,23,8,1955,0,1955
4,5240,0,5,97,7,23,8,1955,0,1955
4,5245,0,5,97,7,23,8,1955,0,1955
4,5250,0,5,97,7,23,8,1955,0,1955
4,5255,0,5,97,7,23,8,1955,0,1955
4,5260,0,5,99,7,24,9,1822,0,1822
4,5265,0,5,99,7,24,9,1822,0,1822
4,5270,0,5,99,7,24,9,1822,0,1822
4,5275,0,5,99,7,24,9,1822,0,1822
4,5280,0,5,99,7,24,9,1822,0,1822
4,5285,0,5,99,7,24,9,1822,0,1822
4,5290,0,5,99,7,24,9,1822,0,1822
4,5295,0,5,99,7,24,9,1822,0,1822
4,5300,0,5,104,7,25,6,1565,0,1565
4,5305,0,5,101,6,24,5,1768,0,1768
4,5310,0,5,101,6,24,5,1768,0,1768
4,5315,0,5,99,7,25,5,1736,0,1736
4,5320,0,5,112,13,25,5,2410,0,2410
4,5325,0,5,102,5,25,4,1715,0,1715
4,5330,0,5,102,6,25,5,1986,0,1986
4,5335,0,5,102,6,25,5,1986,0,1986
4,5340,0,5,111,17,25,6,2295,0,2295
4,5345,0,5,145,25,25,1,1782,0,1782
4,5350,0,5,107,8,23,2,1818,0,1818
4,5355,0,5,104,10,23,2,2070,0,2070
4,5360,0,5,95,5,22,4,1933,0,1933
4,5365,0,5,105,12,23,5,2005,0,2005
4,5370,0,5,102,8,25,6,2042,0,2042
4,5375,0,5,102,8,25,6,2042,0,2042
4,5380,0,5,107,12,25,7,1964,0,1964
4,5385,0,5,107,12,25,7,1964,0,1964
4,5390,0,5,107,12,25,7,1964,0,1964
4,5395,0,5,101,12,23,3,2105,0,2105
4,5400,0,5,99,6,24,6,1989,0,1989
4,5405,0,5,99,6,24,6,1989,0,1989
4,5410,0,5,100,8,24,5,1935,0,1935
4,5415,0,5,101,5,24,1,2414,0,2414
4,5420,0,5,97,10,25,4,1976,0,1976
4,5425,0,5,90,5,23,5,2160,0,2160
4,5430,0,5,90,5,23,5,2160,0,2160
4,5435,0,5,90,5,23,5,2160,0,2160
4,5440,0,5,102,8,23,3,1859,0,1859
4,5445,0,5,87,6,21,2,1760,0,1760
4,5450,0,5,87,5,21,3,1752,0,1752
4,5455,0,5,87,5,21,3,1752,0,1752
4,5460,0,5,87,5,21,3,1752,0,1752
4,5465,0,5,87,5,21,3,1752,0,1752
4,5470,0,5,89,7,20,2,1870,0,1870
4,5475,0,5,89,7,20,2,1870,0,1870
4,5480,0,5,87,5,21,3,1704,0,1704
4,5485,0,5,87,5,21,3,1704,0,1704
4,5490,0,5,91,5,21,3,1637,0,1637
4,5495,0,5,90,7,22,3,1887,0,1887
4,5500,0,5,90,7,22,3,1887,0,1887
4,5505,0,5,88,8,19,1,2193,0,2193
4,5510,0,5,93,13,19,3,2192,0,2192
4,5515,0,5,90,6,23,3,1683,0,1683
4,5520,0,5,106,6,24,2,1630,0,1630
4,5525,0,5,101,6,24,2,1435,0,1435
4,5530,0,5,107,11,24,4,1412,0,1412
4,5535,0,5,107,11,24,4,1412,0,1412
4,5540,0,5,95,6,24,7,1633,0,1633
4,5545,0,5,95,6,24,7,1633,0,1633
4,5550,0,5,95,7,23,6,1830,0,1830
4,5555,0,5,95,7,23,6,1830,0,1830
4,5560,0,5,93,9,24,5,1770,0,1770
4,5565,0,5,93,9,24,5,1770,0,1770
4,5570,0,5,93,9,24,5,1770,0,1770
4,5575,0,5,93,9,24,5,1770,0,1770
4,5580,0,5,93,9,24,5,1770,0,1770
4,5585,0,5,93,8,24,5,1771,0,1771
4,5590,0,5,93,8,24,5,1771,0,1771
4,5595,0,5,94,7,23,8,2114,0,2114
4,5600,0,5,86,5,23,6,1599,0,1599
4,5605,0,5,93,6,23,2,2047,0,2047
4,5610,0,5,104,12,25,4,1420,0,1420
4,5615,0,5,104,12,25,6,1420,0,1420
4,5620,0,5,104,12,25,6,1420,0,1420
4,5625,0,5,104,12,25,6,1420,0,1420
4,5630,0,5,101,11,21,8,1479,0,1479
4,5635,0,5,88,7,23,3,1842,0,1842
4,5640,0,5,88,7,23,3,1842,0,1842
4,5645,0,5,88,7,23,3,1842,0,1842
4,5650,0,5,91,5,23,2,1874,0,1874
4,5655,0,5,90,5,24,3,1737,0,1737
4,5660,0,5,93,7,24,3,1585,0,1585
4,5665,0,5,93,7,24,3,1585,0,1585
4,5670,0,5,93,7,24,3,1585,0,1585
4,5675,0,5,93,7,24,3,1585,0,1585
4,5680,0,5,92,5,23,1,1786,0,1786
4,5685,0,5,91,5,23,1,1700,0,1700
4,5690,0,5,91,5,23,1,1700,0,1700
4,5695,0,5,91,5,23,1,1700,0,1700
4,5700,0,5,88,6,24,6,1656,0,1656
4,5705,0,5,88,5,23,4,1796,0,1796
4,5710,0,5,88,5,23,4,1796,0,1796
4,5715,0,5,87,5,23,5,1703,0,1703
4,5720,0,5,87,5,23,5,1653,0,1653
4,5725,0,5,97,10,22,1,1482,0,1482
4,5730,0,5,98,8,23,4,1403,0,1403
4,5735,0,5,98,8,23,4,1403,0,1403
4,5740,0,5,96,6,23,4,1542,0,1542
4,5745,0,5,96,4,23,2,1784,0,1784
4,5750,0,5,88,7,23,4,2059,0,2059
4,5755,0,5,88,7,23,4,2059,0,2059
4,5760,0,5,88,7,23,4,2059,0,2059
4,5765,0,5,88,7,23,4,2059,0,2059
4,5770,0,5,88,7,23,4,2059,0,2059
4,5775,0,5,88,7,23,4,2059,0,2059
4,5780,0,5,88,7,23,4,2059,0,2059
4,5785,0,5,87,5,23,2,1838,0,1838
4,5790,0,5,87,5,23,2,1838,0,1838
4,5795,0,5,89,7,23,2,1971,0,1971
4,5800,0,5,92,7,22,4,2260,0,2260
4,5805,0,5,87,5,23,3,1723,0,1723
4,5810,0,5,90,5,23,2,1610,0,1610
4,5815,0,5,90,4,23,2,1629,0,1629
4,5820,0,5,91,5,23,2,1658,0,1658
4,5825,0,5,91,5,23,2,1658,0,1658
4,5830,0,5,98,9,22,3,1821,0,1821
4,5835,0,5,98,9,22,3,1821,0,1821
3,5840,0,4,84,4,22,1,1250,0,1250
3,5845,0,4,84,4,22,1,1250,0,1250
4,5850,0,5,89,7,23,4,1549,0,1549
4,5855,0,5,89,7,23,4,1549,0,1549
4,5860,0,5,89,7,23,4,1549,0,1549
4,5865,0,5,89,7,23,4,1549,0,1549
4,5870,0,5,89,6,22,1,1803,0,1803
4,5875,0,5,86,5,22,3,1788,0,1788
4,5880,0,5,83,4,22,2,1579,0,1579
4,5885,0,5,89,7,23,4,1667,0,1667
4,5890,0,5,90,8,24,6,2168,0,2168
4,5895,0,5,97,8,24,6,1501,0,1501
4,5900,0,5,95,10,23,4,1443,0,1443
4,5905,0,5,95,10,23,4,1443,0,1443
4,5910,0,5,88,9,23,8,1502,0,1502
4,5915,0,5,88,9,23,8,1502,0,1502
4,5920,0,5,88,9,23,8,1502,0,1502
4,5925,0,5,91,7,24,4,1504,4,1500
4,5930,0,5,91,7,24,4,1504,4,1500
4,5935,0,5,91,7,24,4,1504,4,1500
4,5940,0,5,94,8,24,4,1461,0,1461
4,5945,0,5,94,8,24,4,1461,0,1461
4,5950,0,5,94,8,24,5,1488,0,1488
4,5955,0,5,93,5,23,6,1597,0,1597
4,5960,0,5,93,5,23,6,1597,0,1597
4,5965,0,5,97,8,24,6,1463,2,1461
4,5970,0,5,101,14,23,1,1408,0,1408
4,5975,0,5,93,5,25,5,1703,0,1703
4,5980,0,5,99,5,24,5,1601,0,1601
4,5985,0,5,95,7,23,4,1603,3,1600
4,5990,0,5,95,7,23,4,1603,3,1600
4,5995,0,5,95,7,23,4,1603,3,1600
4,6000,0,5,95,7,23,4,1603,3,1600
